shop_id,price_change_count,avg_day_between_changes,manufacturer_count,avg_profit_pct,profit_pct_std,product_count,avg_delay_score,exact_overlap_ratio,avg_profit_similarity,group_size,group_avg_delay_score,group_avg_overlap_ratio,group_avg_profit_similarity,shared_products_with_group,label_binary,label_group,predicted_group
1,115,1.0,1,9.265118209909918,5.708824043764884,20,0.0,113.8471177944862,0.9358607548435351,4,0.0,115.0,0.9909804245228728,0.0,1,49,22
10,115,1.0,1,6.950333333333333,2.917191552770499,20,0.0,113.8471177944862,0.9492765762867482,0,0.0,0.0,0.0,0.0,0,-1,16
100,115,1.0,1,4.564257891401915,4.667602137814231,20,0.0,113.8471177944862,0.9376132190775388,5,0.0,115.0,0.959089388400884,0.0,1,50,60
101,115,1.0,1,7.0269090621575145,4.612441972175627,20,0.0,113.8471177944862,0.941647984001123,3,0.0,115.0,0.9911088983141332,0.0,1,22,47
102,115,1.0,1,6.8245,2.994373014505708,20,0.0,113.8471177944862,0.9478248555704832,0,0.0,0.0,0.0,0.0,0,-1,26
103,115,1.0,1,7.02846587684435,6.037295448022744,20,0.0,113.8471177944862,0.9391259614794976,5,0.0,115.0,0.9915160652758832,0.0,1,16,63
104,115,1.0,1,7.974500000000001,3.141741780711245,20,0.0,113.8471177944862,0.9467567496859872,0,0.0,0.0,0.0,0.0,0,-1,65
105,115,1.0,1,6.465311282684546,4.730067082003817,20,0.0,113.8471177944862,0.9397214545022444,5,0.0,115.0,0.948580671043215,0.0,1,64,20
106,115,1.0,1,6.39125,3.027342223386712,20,0.0,113.8471177944862,0.9465127223258906,0,0.0,0.0,0.0,0.0,0,-1,65
107,115,1.0,1,8.168333333333333,3.0037854820579684,20,0.0,113.8471177944862,0.9493650431348942,0,0.0,0.0,0.0,0.0,0,-1,16
108,115,1.0,1,7.136166666666667,2.730039738213021,20,0.0,113.8471177944862,0.9482158345823396,0,0.0,0.0,0.0,0.0,0,-1,26
109,115,1.0,1,6.177666666666666,3.2504739996225505,20,0.0,113.8471177944862,0.943998296938214,0,0.0,0.0,0.0,0.0,0,-1,39
11,115,1.0,1,6.427280779301948,4.733191848157508,20,0.0,113.8471177944862,0.9434784353151636,5,0.0,115.0,0.9902041203044698,0.0,1,72,6
110,115,1.0,1,6.695621892419196,5.046705156677326,20,0.0,113.8471177944862,0.9413452830343406,5,0.0,115.0,0.9556557673375864,0.0,1,10,76
111,115,1.0,1,5.46791941593095,4.707529124423747,20,0.0,113.8471177944862,0.9339158551059654,5,0.0,115.0,0.9624983480246952,0.0,1,12,56
112,115,1.0,1,7.173666666666668,3.341725086771136,20,0.0,113.8471177944862,0.9447215445356518,0,0.0,0.0,0.0,0.0,0,-1,39
113,115,1.0,1,7.477364687416502,4.960354605062087,20,0.0,113.8471177944862,0.937842983871657,3,0.0,115.0,0.9621227806039946,0.0,1,38,5
114,115,1.0,1,6.990629362136656,4.778189840238739,20,0.0,113.8471177944862,0.9439717199252494,4,0.0,115.0,0.9538000236395257,0.0,1,28,38
115,115,1.0,1,6.83086481875227,4.695517430530038,20,0.0,113.8471177944862,0.942933496323338,5,0.0,115.0,0.9905040819841856,0.0,1,72,6
116,115,1.0,1,6.755952549371716,4.540279472059715,20,0.0,113.8471177944862,0.943082243495275,5,0.0,115.0,0.989283952384548,0.0,1,26,6
117,115,1.0,1,7.334166666666666,3.2377153939502192,20,0.0,113.8471177944862,0.9466913444198722,0,0.0,0.0,0.0,0.0,0,-1,65
118,115,1.0,1,7.258672948614864,5.6414484864889465,20,0.0,113.8471177944862,0.9374370775749824,4,0.0,115.0,0.9750316264947236,0.0,1,54,79
119,115,1.0,1,6.703490437069177,4.484011463954283,20,0.0,113.8471177944862,0.9409258741739528,4,0.0,115.0,0.9493385613444696,0.0,1,37,68
12,115,1.0,1,7.067125295494503,6.029050466616892,20,0.0,113.8471177944862,0.9390620686104304,5,0.0,115.0,0.9644037366893,0.0,1,33,21
120,115,1.0,1,7.260232993850833,5.670292472147823,20,0.0,113.8471177944862,0.9384818182808756,5,0.0,115.0,0.950862559459398,0.0,1,52,48
121,115,1.0,1,6.672265545598772,4.956029119287269,20,0.0,113.8471177944862,0.9414004232756938,3,0.0,115.0,0.9885768146224424,0.0,1,35,47
122,115,1.0,1,4.645699623342264,4.697766070341703,20,0.0,113.8471177944862,0.9371942630688456,4,0.0,115.0,0.970958312692351,0.0,1,24,34
123,115,1.0,1,7.26925,2.989430871838317,20,0.0,113.8471177944862,0.9478300795805862,0,0.0,0.0,0.0,0.0,0,-1,26
124,115,1.0,1,6.5925,2.818913280562801,20,0.0,113.8471177944862,0.947899103988264,0,0.0,0.0,0.0,0.0,0,-1,26
125,115,1.0,1,8.041406446844844,5.466273904833028,20,0.0,113.8471177944862,0.9366317554868944,3,0.0,115.0,0.9419779933783676,0.0,1,71,64
126,115,1.0,1,7.35375,3.294323669207384,20,0.0,113.8471177944862,0.94686647832293,0,0.0,0.0,0.0,0.0,0,-1,65
127,115,1.0,1,7.217571275262535,5.714913842978054,20,0.0,113.8471177944862,0.9391145233727196,5,0.0,115.0,0.9499619793021616,0.0,1,45,20
128,115,1.0,1,6.945776158415088,4.56074715640111,20,0.0,113.8471177944862,0.9427657136648984,5,0.0,115.0,0.9881477916650442,0.0,1,26,6
129,115,1.0,1,5.5969360289236105,5.563657160094808,20,0.0,113.8471177944862,0.9318241685967482,4,0.0,115.0,0.9404432847158448,0.0,1,32,44
13,115,1.0,1,6.421966845674951,4.426403197412554,20,0.0,113.8471177944862,0.9445761277642608,3,0.0,115.0,0.9575637859609472,0.0,1,31,41
130,115,1.0,1,6.714868004488392,5.178753449131287,20,0.0,113.8471177944862,0.9402005176401236,5,0.0,115.0,0.9609368339630092,0.0,1,11,55
131,115,1.0,1,8.011841295955303,4.331742020899303,20,0.0,113.8471177944862,0.9414418703221704,3,0.0,115.0,0.9916682199976716,0.0,1,22,47
132,115,1.0,1,6.202606081660524,4.576167864989515,20,0.0,113.8471177944862,0.9423326303663764,3,0.0,115.0,0.9904742004870476,0.0,1,44,69
133,115,1.0,1,6.852000000000001,3.06408403931746,20,0.0,113.8471177944862,0.9461115408200564,0,0.0,0.0,0.0,0.0,0,-1,1
134,115,1.0,1,5.665935526356137,4.85373339517423,20,0.0,113.8471177944862,0.9396528842641796,4,0.0,115.0,0.987938050353017,0.0,1,61,7
135,115,1.0,1,6.463499900694098,4.261059519667676,20,0.0,113.8471177944862,0.9453930655864452,5,0.0,115.0,0.9807520482286728,0.0,1,18,31
136,115,1.0,1,6.176,3.1621844770137413,20,0.0,113.8471177944862,0.9464747419648332,0,0.0,0.0,0.0,0.0,0,-1,1
137,115,1.0,1,7.42125,2.9524466019726754,20,0.0,113.8471177944862,0.9475973139330826,0,0.0,0.0,0.0,0.0,0,-1,26
138,115,1.0,1,5.021230114248967,5.000128542091982,20,0.0,113.8471177944862,0.935892482975034,3,0.0,115.0,0.9423893789217236,0.0,1,4,64
139,115,1.0,1,5.982879447138509,4.63378728872561,20,0.0,113.8471177944862,0.9417210611978262,3,0.0,115.0,0.9547952762873037,0.0,1,7,33
14,115,1.0,1,8.011899825743987,5.458356448507285,20,0.0,113.8471177944862,0.9327226633210204,3,0.0,115.0,0.932435741206124,0.0,1,71,57
140,115,1.0,1,6.33977646932193,4.923475674594982,20,0.0,113.8471177944862,0.9400924735739368,4,0.0,115.0,0.9648194049925826,0.0,1,19,35
141,115,1.0,1,6.31121974226197,4.572628728692488,20,0.0,113.8471177944862,0.9445050089081444,5,0.0,115.0,0.978662294694168,0.0,1,68,31
142,115,1.0,1,6.402390334301851,5.546908632458818,20,0.0,113.8471177944862,0.9421844149248132,4,0.0,115.0,0.9778037606246216,0.0,1,34,62
143,115,1.0,1,7.096831386968965,4.470981558313635,20,0.0,113.8471177944862,0.9411936083789564,4,0.0,115.0,0.9597477179685262,0.0,1,37,4
144,115,1.0,1,7.20346426596246,5.308886843216542,20,0.0,113.8471177944862,0.941061836741584,5,0.0,115.0,0.9496825889867458,0.0,1,53,71
145,115,1.0,1,6.9522326202670826,4.57052511328024,20,0.0,113.8471177944862,0.9430056325794196,4,0.0,115.0,0.9508281560664495,0.0,1,29,38
146,115,1.0,1,7.237666666666667,3.3342352279879046,20,0.0,113.8471177944862,0.9475524497898788,0,0.0,0.0,0.0,0.0,0,-1,26
147,115,1.0,1,6.071107957187161,4.545295719461228,20,0.0,113.8471177944862,0.9422491350524458,4,0.0,115.0,0.9660566055089862,0.0,1,13,73
148,115,1.0,1,6.212243143767456,4.534722776669444,20,0.0,113.8471177944862,0.94357849803406,5,0.0,115.0,0.9897856247107952,0.0,1,14,6
149,115,1.0,1,7.10925,3.220841029529399,20,0.0,113.8471177944862,0.9471577243035968,0,0.0,0.0,0.0,0.0,0,-1,65
15,115,1.0,1,6.9115,3.0138874813104755,20,0.0,113.8471177944862,0.9490125789201695,0,0.0,0.0,0.0,0.0,0,-1,16
150,115,1.0,1,6.54914723083111,5.205297522933777,20,0.0,113.8471177944862,0.9409432116031652,4,0.0,115.0,0.957018412852066,0.0,1,34,53
151,115,1.0,1,7.127449104645708,4.882706566238055,20,0.0,113.8471177944862,0.9420794186019664,4,0.0,115.0,0.9783054572276036,0.0,1,62,62
152,115,1.0,1,5.488024951241241,5.078186495300816,20,0.0,113.8471177944862,0.935725122321723,3,0.0,115.0,0.9466449295928624,0.0,1,60,54
153,115,1.0,1,7.185983042586615,4.816079883722211,20,0.0,113.8471177944862,0.9435811474412064,4,0.0,115.0,0.9759004970844174,0.0,1,5,11
154,115,1.0,1,5.413306532999485,4.905284614035192,20,0.0,113.8471177944862,0.9400399884661836,4,0.0,115.0,0.9887454657302964,0.0,1,61,7
155,115,1.0,1,5.065471652393628,4.784722553434012,20,0.0,113.8471177944862,0.9432862564344664,4,0.0,115.0,0.9879709474555016,0.0,1,36,24
156,115,1.0,1,6.622166666666666,3.109886435046928,20,0.0,113.8471177944862,0.947066655093128,0,0.0,0.0,0.0,0.0,0,-1,65
157,115,1.0,1,5.582889808091178,4.778448270521122,20,0.0,113.8471177944862,0.9420425694025534,3,0.0,115.0,0.9886062710075988,0.0,1,21,69
158,115,1.0,1,7.168000000000001,3.444501560458349,20,0.0,113.8471177944862,0.943824395545165,0,0.0,0.0,0.0,0.0,0,-1,39
159,115,1.0,1,7.215999999999999,2.7084941695832887,20,0.0,113.8471177944862,0.948804855938461,0,0.0,0.0,0.0,0.0,0,-1,16
16,115,1.0,1,7.397083131349148,5.475027329702431,20,0.0,113.8471177944862,0.9451010599441656,4,0.0,115.0,0.9790128080213872,0.0,1,34,72
160,115,1.0,1,6.941600118018938,5.426067219295915,20,0.0,113.8471177944862,0.9376975794497654,3,0.0,115.0,0.98751912871342,0.0,1,6,0
161,115,1.0,1,6.673868901270256,4.428455689247803,20,0.0,113.8471177944862,0.9447221167068148,3,0.0,115.0,0.9733521632956016,0.0,1,31,17
162,115,1.0,1,6.974832823263975,5.750019214224472,20,0.0,113.8471177944862,0.9339648584747112,3,0.0,115.0,0.9548027279731248,0.0,1,51,14
163,115,1.0,1,8.231598242761713,6.115292164989482,20,0.0,113.8471177944862,0.9279588104994408,5,0.0,115.0,0.940495845670398,0.0,1,33,13
164,115,1.0,1,9.280464815820723,4.673491074139689,20,0.0,113.8471177944862,0.9388667695279592,3,0.0,115.0,0.9893018131151804,0.0,1,2,0
165,115,1.0,1,5.257937815800173,4.8920661137580375,20,0.0,113.8471177944862,0.9406417718322956,4,0.0,115.0,0.9891085616512382,0.0,1,36,7
166,115,1.0,1,7.2795,2.9914795252516777,20,0.0,113.8471177944862,0.9464691222254398,0,0.0,0.0,0.0,0.0,0,-1,1
167,115,1.0,1,7.7655810991504275,5.130372513923055,20,0.0,113.8471177944862,0.94109363662581,3,0.0,115.0,0.9445068978143336,0.0,1,8,12
168,115,1.0,1,6.833666666666667,2.9903600489275908,20,0.0,113.8471177944862,0.9490954394868624,0,0.0,0.0,0.0,0.0,0,-1,16
169,115,1.0,1,5.484209683103537,5.151219631556668,20,0.0,113.8471177944862,0.9383584824710351,3,0.0,115.0,0.9451019740542548,0.0,1,4,29
17,115,1.0,1,5.948429762811092,4.778542415780813,20,0.0,113.8471177944862,0.940006538261469,3,0.0,115.0,0.9477140892616543,0.0,1,17,74
170,115,1.0,1,7.376199888272048,5.391318952646871,20,0.0,113.8471177944862,0.9367836821015666,5,0.0,115.0,0.9522319054827468,0.0,1,73,8
171,115,1.0,1,8.562097606210486,5.301129018418581,20,0.0,113.8471177944862,0.9407609722861268,5,0.0,115.0,0.9534980088065648,0.0,1,74,76
172,115,1.0,1,7.1410977355168646,5.166929522021673,20,0.0,113.8471177944862,0.940369915844543,4,0.0,115.0,0.9763796186298228,0.0,1,15,30
173,115,1.0,1,5.990713746950603,4.710675864301312,20,0.0,113.8471177944862,0.9417961116939256,4,0.0,115.0,0.9660025904506304,0.0,1,13,73
174,115,1.0,1,7.765181529849179,4.741229182744704,20,0.0,113.8471177944862,0.9395699476513488,3,0.0,115.0,0.989453217249158,0.0,1,2,78
175,115,1.0,1,7.340833333333333,3.095157126688222,20,0.0,113.8471177944862,0.9474563865429342,0,0.0,0.0,0.0,0.0,0,-1,26
176,115,1.0,1,7.516,2.9602852903056487,20,0.0,113.8471177944862,0.9487975853581964,0,0.0,0.0,0.0,0.0,0,-1,16
177,115,1.0,1,6.274134006862593,5.21572510308981,20,0.0,113.8471177944862,0.9449832512310036,4,0.0,115.0,0.978662684516956,0.0,1,34,72
178,115,1.0,1,6.034639226751329,4.134281990066492,20,0.0,113.8471177944862,0.9459218605737474,4,0.0,115.0,0.9902460888106912,0.0,1,40,24
179,115,1.0,1,7.729249999999999,3.3555352684035373,20,0.0,113.8471177944862,0.9460980268304776,0,0.0,0.0,0.0,0.0,0,-1,1
18,115,1.0,1,6.23101651276242,4.784473049063453,20,0.0,113.8471177944862,0.9379675297917908,5,0.0,115.0,0.9513301308578884,0.0,1,12,48
180,115,1.0,1,7.060427025757513,5.524912293241615,20,0.0,113.8471177944862,0.9326910175783178,4,0.0,115.0,0.940683925872888,0.0,1,32,44
181,115,1.0,1,6.184749999999999,2.9973346388916937,20,0.0,113.8471177944862,0.9465447822187752,0,0.0,0.0,0.0,0.0,0,-1,65
182,115,1.0,1,6.9255,3.345514870688815,20,0.0,113.8471177944862,0.9472397314778336,0,0.0,0.0,0.0,0.0,0,-1,65
183,115,1.0,1,8.795250000000001,2.4885176184829394,20,0.0,113.8471177944862,0.9478370117326996,0,0.0,0.0,0.0,0.0,0,-1,26
184,115,1.0,1,5.950717962464738,4.281734121883343,20,0.0,113.8471177944862,0.9455859810489224,4,0.0,115.0,0.9910457186761432,0.0,1,40,24
185,115,1.0,1,5.1130315762014655,4.988173204878347,20,0.0,113.8471177944862,0.936435000941746,3,0.0,115.0,0.9484967785722592,0.0,1,60,54
186,115,1.0,1,8.088295228185592,5.251350514818106,20,0.0,113.8471177944862,0.9424602573000954,3,0.0,115.0,0.9748464657832828,0.0,1,38,28
187,115,1.0,1,7.236604397515263,5.087620486019973,20,0.0,113.8471177944862,0.9392303759735268,4,0.0,115.0,0.9451822490715484,0.0,1,9,50
188,115,1.0,1,7.321000000000001,3.016637587336824,20,0.0,113.8471177944862,0.9472467300125408,0,0.0,0.0,0.0,0.0,0,-1,65
189,115,1.0,1,7.147078790097246,4.438060941716426,20,0.0,113.8471177944862,0.9451469629973924,4,0.0,115.0,0.9533988996479454,0.0,1,29,38
19,115,1.0,1,6.253419684660195,4.256279641400509,20,0.0,113.8471177944862,0.9448124958298,5,0.0,115.0,0.9902037591900796,0.0,1,27,25
190,115,1.0,1,5.365210764557036,4.640450642114593,20,0.0,113.8471177944862,0.9358108526643398,5,0.0,115.0,0.963065687126442,0.0,1,12,70
191,115,1.0,1,5.553753651431157,4.40950186192051,20,0.0,113.8471177944862,0.9421722441509855,5,0.0,115.0,0.9544917313525906,0.0,1,58,3
192,115,1.0,1,7.209003809312719,5.033298816044787,20,0.0,113.8471177944862,0.9400917766800976,4,0.0,115.0,0.9632684509441592,0.0,1,25,35
193,115,1.0,1,7.274249999999999,2.897873261117539,20,0.0,113.8471177944862,0.948964450375172,0,0.0,0.0,0.0,0.0,0,-1,16
194,115,1.0,1,7.481964656452069,5.766377848184458,20,0.0,113.8471177944862,0.9373307940116395,4,0.0,115.0,0.9753782073231916,0.0,1,54,79
195,115,1.0,1,6.035416805964114,4.05860439649231,20,0.0,113.8471177944862,0.9427038374014304,5,0.0,115.0,0.9813182690395964,0.0,1,46,42
196,115,1.0,1,6.1499155376560735,5.17677576645592,20,0.0,113.8471177944862,0.9385830419370292,4,0.0,115.0,0.989992384481726,0.0,1,69,45
197,115,1.0,1,7.822152550589528,5.0507294957233775,20,0.0,113.8471177944862,0.9433309265087444,3,0.0,115.0,0.9741382765173738,0.0,1,38,17
198,115,1.0,1,5.581318079365023,5.663875457029835,20,0.0,113.8471177944862,0.9357099257994614,5,0.0,115.0,0.9790717922872304,0.0,1,57,32
199,115,1.0,1,5.619778728151239,4.547566862049486,20,0.0,113.8471177944862,0.9414667312837506,3,0.0,115.0,0.9554599769106702,0.0,1,7,33
2,115,1.0,1,5.645549198005725,4.426023113660662,20,0.0,113.8471177944862,0.9420166637569652,3,0.0,115.0,0.9909162139732272,0.0,1,66,69
20,115,1.0,1,4.568753080141412,5.246802179671726,20,0.0,113.8471177944862,0.9305575035140484,3,0.0,115.0,0.9524578187413046,0.0,1,60,52
200,115,1.0,1,6.414609367048922,4.940174120519032,20,0.0,113.8471177944862,0.9424677422167416,5,0.0,115.0,0.990452797327663,0.0,1,72,6
201,115,1.0,1,7.273887534626581,4.290244431740382,20,0.0,113.8471177944862,0.9437327366488648,4,0.0,115.0,0.9510539790539254,0.0,1,37,38
202,115,1.0,1,7.053331178321387,5.523600550212981,20,0.0,113.8471177944862,0.9372933003848134,5,0.0,115.0,0.9441617662019168,0.0,1,45,59
203,115,1.0,1,5.960051407848125,5.3308696218617415,20,0.0,113.8471177944862,0.9405101924720312,4,0.0,115.0,0.9907373063907252,0.0,1,69,7
204,115,1.0,1,7.041556300000192,4.836497983064295,20,0.0,113.8471177944862,0.9414107147393204,4,0.0,115.0,0.9776093192571818,0.0,1,62,30
205,115,1.0,1,5.8063820388007015,4.571069141128599,20,0.0,113.8471177944862,0.943652621852482,3,0.0,115.0,0.95927693132243,0.0,1,48,41
206,115,1.0,1,6.926994593005698,5.526838019382451,20,0.0,113.8471177944862,0.9343394531891828,3,0.0,115.0,0.9481995244057844,0.0,1,1,14
207,115,1.0,1,6.7510621849614605,4.046829061552096,20,0.0,113.8471177944862,0.945304262303088,4,0.0,115.0,0.9710787935929672,0.0,1,56,49
208,115,1.0,1,7.761333333333333,3.280846672566228,20,0.0,113.8471177944862,0.9456562999873817,0,0.0,0.0,0.0,0.0,0,-1,1
209,115,1.0,1,7.096059231121246,4.305517146633177,20,0.0,113.8471177944862,0.944829535608064,3,0.0,115.0,0.9718078428379696,0.0,1,39,17
21,115,1.0,1,6.0485649259081145,5.367394986482172,20,0.0,113.8471177944862,0.935012257081065,4,0.0,115.0,0.9397211343472636,0.0,1,32,10
210,115,1.0,1,6.619912575526438,5.132553671946609,20,0.0,113.8471177944862,0.938976212026306,5,0.0,115.0,0.9474064387308798,0.0,1,73,48
211,115,1.0,1,6.884833242237077,5.665428855124272,20,0.0,113.8471177944862,0.9422158898391452,5,0.0,115.0,0.9518550032111376,0.0,1,52,3
212,115,1.0,1,7.0874355703996725,4.593912576324492,20,0.0,113.8471177944862,0.9421244682986732,3,0.0,115.0,0.9513625723690684,0.0,1,39,33
213,115,1.0,1,7.508166666666668,3.1632717723198485,20,0.0,113.8471177944862,0.9467148336178178,0,0.0,0.0,0.0,0.0,0,-1,65
214,115,1.0,1,8.113034436412425,4.96091198425667,20,0.0,113.8471177944862,0.941157883358488,4,0.0,115.0,0.9752486532308492,0.0,1,43,30
215,115,1.0,1,6.188793450599536,4.588178407026173,20,0.0,113.8471177944862,0.9394189491427568,5,0.0,115.0,0.9493425839793516,0.0,1,63,20
216,115,1.0,1,7.396329192851804,5.282025336118216,20,0.0,113.8471177944862,0.9359295785186972,5,0.0,115.0,0.9515227343634944,0.0,1,73,40
217,115,1.0,1,6.554260743378589,5.195505277894103,20,0.0,113.8471177944862,0.9396798448934268,5,0.0,115.0,0.9488396309873736,0.0,1,10,20
218,115,1.0,1,7.742590521296448,4.736194001599965,20,0.0,113.8471177944862,0.9432676910203492,4,0.0,115.0,0.9747988068811678,0.0,1,5,11
219,115,1.0,1,7.1472220803851485,5.295852364882516,20,0.0,113.8471177944862,0.9427817471063442,5,0.0,115.0,0.9491497797371186,0.0,1,73,3
22,115,1.0,1,5.803778117396582,4.621200806635553,20,0.0,113.8471177944862,0.9457478746934952,3,0.0,115.0,0.9732591028965182,0.0,1,48,17
220,115,1.0,1,7.857020887760118,5.593362813511745,20,0.0,113.8471177944862,0.9355783924946866,5,0.0,115.0,0.9498014830443476,0.0,1,45,40
221,115,1.0,1,6.952111947986825,5.919394736548604,20,0.0,113.8471177944862,0.9345751682702048,3,0.0,115.0,0.945803051963084,0.0,1,23,14
222,115,1.0,1,6.734326843886337,4.421302850247295,20,0.0,113.8471177944862,0.9433681449878064,4,0.0,115.0,0.964500684419298,0.0,1,29,36
223,115,1.0,1,8.48701004548953,5.322114079455795,20,0.0,113.8471177944862,0.9360005470114798,4,0.0,115.0,0.9914618264306412,0.0,1,49,22
224,115,1.0,1,6.719909209808297,4.920368688801935,20,0.0,113.8471177944862,0.9381695342122232,4,0.0,115.0,0.9869448778201758,0.0,1,70,45
225,115,1.0,1,8.106253552659489,5.096227519908751,20,0.0,113.8471177944862,0.939818427307099,3,0.0,115.0,0.947118529975124,0.0,1,8,74
226,115,1.0,1,7.272250000000001,2.833148855513949,20,0.0,113.8471177944862,0.9479174054155703,0,0.0,0.0,0.0,0.0,0,-1,26
227,115,1.0,1,6.932057708155843,4.562071610141857,20,0.0,113.8471177944862,0.9427598646972664,5,0.0,115.0,0.9879157160070234,0.0,1,26,6
228,115,1.0,1,6.294694828450303,4.461044049062489,20,0.0,113.8471177944862,0.9455870085240856,3,0.0,115.0,0.9743987977117776,0.0,1,31,17
229,0,0.0,0,0.0,0.0,0,0.0,0.0,0.0,4,0.0,0.0,0.0,0.0,1,76,2
23,115,1.0,1,8.258579075401608,5.373090568163671,20,0.0,113.8471177944862,0.9402230516887284,5,0.0,115.0,0.961766913297816,0.0,1,74,55
230,115,1.0,1,5.938721275445708,5.0630254370129855,20,0.0,113.8471177944862,0.94226035243078,5,0.0,115.0,0.9722940873308594,0.0,1,11,37
231,115,1.0,1,7.144333333333334,2.97998398578844,20,0.0,113.8471177944862,0.9475322163166372,0,0.0,0.0,0.0,0.0,0,-1,26
232,115,1.0,1,6.072766124681965,4.712305512159954,20,0.0,113.8471177944862,0.9436050324373738,5,0.0,115.0,0.9899919646786102,0.0,1,14,6
233,115,1.0,1,4.994266943265711,6.2058729768083545,20,0.0,113.8471177944862,0.938391759791375,3,0.0,115.0,0.990420712762022,0.0,1,67,0
234,115,1.0,1,7.942442246033809,5.286027519670747,20,0.0,113.8471177944862,0.9429221716600796,5,0.0,115.0,0.9593354598906092,0.0,1,74,58
235,115,1.0,1,5.350402654277554,6.174097124456658,20,0.0,113.8471177944862,0.9384331823355168,3,0.0,115.0,0.9902325808367628,0.0,1,67,0
236,115,1.0,1,7.748333333333333,2.8560644055918782,20,0.0,113.8471177944862,0.9487226126245684,0,0.0,0.0,0.0,0.0,0,-1,16
237,115,1.0,1,6.919333333333333,3.599151690174907,20,0.0,113.8471177944862,0.9441269776237968,0,0.0,0.0,0.0,0.0,0,-1,39
238,115,1.0,1,8.104999999999999,2.453811321189957,20,0.0,113.8471177944862,0.947068892255194,0,0.0,0.0,0.0,0.0,0,-1,65
239,115,1.0,1,7.510499999999999,2.8748147331610783,20,0.0,113.8471177944862,0.947520486347579,0,0.0,0.0,0.0,0.0,0,-1,26
24,115,1.0,1,7.048458467516833,5.427804406489498,20,0.0,113.8471177944862,0.9354103003721896,3,0.0,115.0,0.9475743467127874,0.0,1,1,54
240,115,1.0,1,6.375579638291301,5.267765134098098,20,0.0,113.8471177944862,0.9372348083983166,4,0.0,115.0,0.9431847121166612,0.0,1,32,50
241,115,1.0,1,6.701166666666667,3.2135686765477547,20,0.0,113.8471177944862,0.9469440220271732,0,0.0,0.0,0.0,0.0,0,-1,65
242,115,1.0,1,7.632333333333333,2.893626540442902,20,0.0,113.8471177944862,0.9487256264512788,0,0.0,0.0,0.0,0.0,0,-1,16
243,115,1.0,1,7.050806660242231,5.021762618234658,20,0.0,113.8471177944862,0.94298055621394,5,0.0,115.0,0.989332835468752,0.0,1,72,6
244,115,1.0,1,8.002368852524395,5.340926777938913,20,0.0,113.8471177944862,0.9419690267829663,5,0.0,115.0,0.9565451964786812,0.0,1,74,76
245,115,1.0,1,7.0585,3.1544565432627745,20,0.0,113.8471177944862,0.9479108381808802,0,0.0,0.0,0.0,0.0,0,-1,26
246,115,1.0,1,6.596545586261269,5.13995807057342,20,0.0,113.8471177944862,0.9418634517553084,3,0.0,115.0,0.9901744708215834,0.0,1,3,69
247,115,1.0,1,6.21025,2.716697892202959,20,0.0,113.8471177944862,0.9479443577890933,0,0.0,0.0,0.0,0.0,0,-1,26
248,115,1.0,1,7.354100279613715,5.442937050408791,20,0.0,113.8471177944862,0.9418027174030652,4,0.0,115.0,0.9511861957536004,0.0,1,54,68
249,115,1.0,1,4.826493364893032,4.896465494363288,20,0.0,113.8471177944862,0.9368004411962496,4,0.0,115.0,0.9702310486680008,0.0,1,24,34
25,115,1.0,1,6.804695944215792,4.905856397243117,20,0.0,113.8471177944862,0.9422198339846511,4,0.0,115.0,0.97801294575547,0.0,1,62,62
250,115,1.0,1,8.37107633667683,5.215772676978864,20,0.0,113.8471177944862,0.9360277614681264,4,0.0,115.0,0.9907894805191464,0.0,1,49,22
251,115,1.0,1,5.05205918205322,4.470238159916682,20,0.0,113.8471177944862,0.9436758635304786,5,0.0,115.0,0.9719779596861556,0.0,1,58,15
252,115,1.0,1,7.656233099855695,5.584307650672447,20,0.0,113.8471177944862,0.9387969675254764,4,0.0,115.0,0.9760103967892496,0.0,1,54,79
253,115,1.0,1,7.344344068990872,5.21643666360696,20,0.0,113.8471177944862,0.9386649797450658,5,0.0,115.0,0.9520663609786612,0.0,1,53,48
254,115,1.0,1,6.085087270866415,4.386426298143578,20,0.0,113.8471177944862,0.9420913824687568,5,0.0,115.0,0.9890928929512044,0.0,1,14,6
255,115,1.0,1,6.902,3.2411745813310744,20,0.0,113.8471177944862,0.9480568506170548,0,0.0,0.0,0.0,0.0,0,-1,26
256,115,1.0,1,6.903499999999999,3.294106264729985,20,0.0,113.8471177944862,0.9487269677995672,0,0.0,0.0,0.0,0.0,0,-1,16
257,115,1.0,1,7.599089600013618,5.5856566170075554,20,0.0,113.8471177944862,0.9377323995499144,5,0.0,115.0,0.9595595358754454,0.0,1,45,60
258,115,1.0,1,7.313166666666667,2.8937314386253763,20,0.0,113.8471177944862,0.9481913347878104,0,0.0,0.0,0.0,0.0,0,-1,26
259,115,1.0,1,7.159117008249039,5.184506191194817,20,0.0,113.8471177944862,0.9410768425496971,5,0.0,115.0,0.9547301631593178,0.0,1,10,76
26,115,1.0,1,4.653703543870135,4.707564290664914,20,0.0,113.8471177944862,0.9362763501424228,4,0.0,115.0,0.9606267446994208,0.0,1,24,18
260,115,1.0,1,7.1255,3.506995592146265,20,0.0,113.8471177944862,0.9416670537030356,0,0.0,0.0,0.0,0.0,0,-1,67
261,115,1.0,1,5.477933230278544,4.561287406817299,20,0.0,113.8471177944862,0.9424308594301486,5,0.0,115.0,0.9569317716487722,0.0,1,58,3
262,115,1.0,1,7.714666666666667,2.8562775697672587,20,0.0,113.8471177944862,0.9471980953955254,0,0.0,0.0,0.0,0.0,0,-1,65
263,115,1.0,1,5.568772135214863,4.169773194466324,20,0.0,113.8471177944862,0.9437150911374004,3,0.0,115.0,0.9903883897347222,0.0,1,66,9
264,115,1.0,1,7.406623730166263,5.67174354593822,20,0.0,113.8471177944862,0.937853461638457,5,0.0,115.0,0.9594288081340514,0.0,1,45,60
265,115,1.0,1,5.505287687755905,4.657675936488102,20,0.0,113.8471177944862,0.943878847198193,5,0.0,115.0,0.9905009940599776,0.0,1,14,6
266,115,1.0,1,7.340081091577271,4.792906653462092,20,0.0,113.8471177944862,0.9446318606543516,5,0.0,115.0,0.9787266036268172,0.0,1,68,31
267,0,0.0,0,0.0,0.0,0,0.0,0.0,0.0,4,0.0,0.0,0.0,0.0,1,76,2
268,115,1.0,1,4.680509797097204,5.078480061123663,20,0.0,113.8471177944862,0.9369499914034188,3,0.0,115.0,0.957843032013398,0.0,1,75,5
269,115,1.0,1,6.1621394870504025,4.557300933640399,20,0.0,113.8471177944862,0.94168223166916,5,0.0,115.0,0.9559107206721706,0.0,1,64,76
27,115,1.0,1,7.324314592509002,5.292016907785123,20,0.0,113.8471177944862,0.9384620131066972,5,0.0,115.0,0.9610602783041992,0.0,1,53,60
270,115,1.0,1,6.568414792442578,4.429019126299421,20,0.0,113.8471177944862,0.9460510376068324,5,0.0,115.0,0.9805951066495748,0.0,1,18,31
271,115,1.0,1,6.975721231101171,6.059915783084855,20,0.0,113.8471177944862,0.9397498720655434,5,0.0,115.0,0.9644595307682068,0.0,1,33,21
272,115,1.0,1,7.249666666666667,3.220761279918495,20,0.0,113.8471177944862,0.9483336728399718,0,0.0,0.0,0.0,0.0,0,-1,26
273,115,1.0,1,7.188245379846936,4.9044104894442455,20,0.0,113.8471177944862,0.9424185009567208,4,0.0,115.0,0.974063424957869,0.0,1,9,62
274,115,1.0,1,5.944089159255249,4.558980662355469,20,0.0,113.8471177944862,0.9434273002653748,5,0.0,115.0,0.971489833184536,0.0,1,58,15
275,115,1.0,1,6.731137633345544,5.0009019162181785,20,0.0,113.8471177944862,0.942472173242049,5,0.0,115.0,0.9635586318376091,0.0,1,11,58
276,115,1.0,1,4.869706264643122,4.935347722213896,20,0.0,113.8471177944862,0.936938012527384,5,0.0,115.0,0.9550746849988576,0.0,1,50,8
277,115,1.0,1,6.6066666666666665,3.31894293747606,20,0.0,113.8471177944862,0.946197818147159,0,0.0,0.0,0.0,0.0,0,-1,1
278,115,1.0,1,7.676420828423789,5.077838097597544,20,0.0,113.8471177944862,0.939551589672518,4,0.0,115.0,0.9429010629487614,0.0,1,25,50
279,115,1.0,1,7.480770075128783,5.777025291106332,20,0.0,113.8471177944862,0.9425066425626448,3,0.0,115.0,0.9894409746484664,0.0,1,55,69
28,115,1.0,1,4.753549626134909,4.964767282007664,20,0.0,113.8471177944862,0.935490549061032,5,0.0,115.0,0.9568875359135978,0.0,1,50,70
280,115,1.0,1,4.821818525982651,4.971743221459105,20,0.0,113.8471177944862,0.9373960240472212,5,0.0,115.0,0.9554481315340472,0.0,1,50,8
281,115,1.0,1,4.509966714257646,5.175439759854628,20,0.0,113.8471177944862,0.9382868971646908,5,0.0,115.0,0.9515224244042702,0.0,1,41,48
282,115,1.0,1,7.056666666666667,3.283720789321501,20,0.0,113.8471177944862,0.945257410731408,0,0.0,0.0,0.0,0.0,0,-1,1
283,115,1.0,1,7.738249999999999,2.7009145557569942,20,0.0,113.8471177944862,0.9498036705092572,0,0.0,0.0,0.0,0.0,0,-1,16
284,115,1.0,1,6.920333333333334,3.1451952597926605,20,0.0,113.8471177944862,0.9482070718825478,0,0.0,0.0,0.0,0.0,0,-1,26
285,115,1.0,1,6.086463338857974,6.159618179802616,20,0.0,113.8471177944862,0.9401208617499636,3,0.0,115.0,0.9900552254467,0.0,1,67,78
286,115,1.0,1,6.674314587707893,5.0736278429721935,20,0.0,113.8471177944862,0.9394761663561856,4,0.0,115.0,0.9861890455150408,0.0,1,70,7
287,115,1.0,1,6.406600179916467,4.629176697283582,20,0.0,113.8471177944862,0.941025153424802,5,0.0,115.0,0.9614904306108462,0.0,1,65,55
288,115,1.0,1,5.551914741079561,5.610011916281541,20,0.0,113.8471177944862,0.9353054393061356,5,0.0,115.0,0.9796897955105917,0.0,1,57,32
289,115,1.0,1,6.788365719800785,4.514962971294927,20,0.0,113.8471177944862,0.9403312511045896,4,0.0,115.0,0.9651378715255632,0.0,1,19,35
29,115,1.0,1,5.778519360750045,5.115441815173096,20,0.0,113.8471177944862,0.939899542619972,3,0.0,115.0,0.968946469917062,0.0,1,30,77
290,115,1.0,1,7.2925,3.321525565660053,20,0.0,113.8471177944862,0.9463242720039956,0,0.0,0.0,0.0,0.0,0,-1,1
291,115,1.0,1,4.869915997141285,4.901399491188979,20,0.0,113.8471177944862,0.940761499847605,4,0.0,115.0,0.988800534299056,0.0,1,36,7
292,115,1.0,1,6.615101442111186,4.195633805288993,20,0.0,113.8471177944862,0.9461825168208552,5,0.0,115.0,0.991203012048412,0.0,1,27,25
293,115,1.0,1,7.04525,3.0921545785261126,20,0.0,113.8471177944862,0.9477744912175866,0,0.0,0.0,0.0,0.0,0,-1,26
294,115,1.0,1,6.004296665211829,4.470926664023447,20,0.0,113.8471177944862,0.9423801729028024,3,0.0,115.0,0.9912111324883408,0.0,1,66,69
295,115,1.0,1,6.709833333333334,3.0714988152728013,20,0.0,113.8471177944862,0.945620886151776,0,0.0,0.0,0.0,0.0,0,-1,1
296,115,1.0,1,6.776466925405209,4.21987267550742,20,0.0,113.8471177944862,0.9418388006001192,4,0.0,115.0,0.9603090423978626,0.0,1,56,4
297,115,1.0,1,6.4270519079573,4.689900422126234,20,0.0,113.8471177944862,0.9428962240673118,5,0.0,115.0,0.971315526950823,0.0,1,58,15
298,115,1.0,1,8.042170593310109,4.794445583681941,20,0.0,113.8471177944862,0.9423950224437344,4,0.0,115.0,0.9764208114808328,0.0,1,43,62
299,115,1.0,1,4.75995626976096,4.54916287592531,20,0.0,113.8471177944862,0.9389423032413136,4,0.0,115.0,0.963721039155129,0.0,1,24,35
3,115,1.0,1,6.174428900541132,4.705144888094635,20,0.0,113.8471177944862,0.9396016026729992,4,0.0,115.0,0.9534043886516268,0.0,1,19,23
30,115,1.0,1,4.942007073498783,5.099508615919667,20,0.0,113.8471177944862,0.9398257471203912,5,0.0,115.0,0.9518684521153572,0.0,1,41,20
300,115,1.0,1,7.90425,3.0095239552959203,20,0.0,113.8471177944862,0.9466947625809092,0,0.0,0.0,0.0,0.0,0,-1,65
301,115,1.0,1,6.5400952854488015,4.143523753009239,20,0.0,113.8471177944862,0.9421620923966464,4,0.0,115.0,0.958650056035812,0.0,1,56,4
302,115,1.0,1,4.914588866620317,5.8653159437844025,20,0.0,113.8471177944862,0.9345379033758584,5,0.0,115.0,0.979268289741755,0.0,1,57,32
303,115,1.0,1,5.8404905366233,5.69138888455116,20,0.0,113.8471177944862,0.9376402448236087,3,0.0,115.0,0.9448644390665818,0.0,1,23,29
304,115,1.0,1,6.214020421475748,4.751429179293137,20,0.0,113.8471177944862,0.9391223983883358,5,0.0,115.0,0.9503834339060911,0.0,1,64,20
305,115,1.0,1,5.175297189376568,5.69619620894883,20,0.0,113.8471177944862,0.9348684269915386,5,0.0,115.0,0.979751018046204,0.0,1,57,32
306,115,1.0,1,7.8916270355252145,4.788660930270392,20,0.0,113.8471177944862,0.9419057902315618,4,0.0,115.0,0.9757661335446616,0.0,1,43,62
307,115,1.0,1,7.587081703605385,5.378873030541738,20,0.0,113.8471177944862,0.9422905337517476,3,0.0,115.0,0.9904162299645524,0.0,1,55,69
308,115,1.0,1,6.725615536932984,5.146636239600631,20,0.0,113.8471177944862,0.9389276014525402,4,0.0,115.0,0.9869040213408006,0.0,1,70,45
309,115,1.0,1,6.52025,3.3221201720437503,20,0.0,113.8471177944862,0.9442842366808198,0,0.0,0.0,0.0,0.0,0,-1,39
31,115,1.0,1,6.621438514488207,5.055374776971856,20,0.0,113.8471177944862,0.9423429731569072,4,0.0,115.0,0.9741665203349852,0.0,1,9,62
310,115,1.0,1,6.404917081450935,4.771320823268032,20,0.0,113.8471177944862,0.9447411245536425,4,0.0,115.0,0.9665211519195914,0.0,1,59,75
311,115,1.0,1,6.332614888272972,4.200498261452898,20,0.0,113.8471177944862,0.9455265809142406,5,0.0,115.0,0.9904779638383676,0.0,1,27,25
312,115,1.0,1,8.28752983955911,5.834248735533315,20,0.0,113.8471177944862,0.9352284923200944,4,0.0,115.0,0.9901803052753532,0.0,1,49,22
313,115,1.0,1,8.164207727594455,5.137865139213352,20,0.0,113.8471177944862,0.9359410361493458,3,0.0,115.0,0.9509782906748994,0.0,1,47,54
314,115,1.0,1,6.3929242382347695,5.0058093471842735,20,0.0,113.8471177944862,0.9422467974305068,4,0.0,115.0,0.968497552922812,0.0,1,28,73
315,115,1.0,1,6.140992721411826,5.317791225432701,20,0.0,113.8471177944862,0.9387548164611252,4,0.0,115.0,0.9454433906780388,0.0,1,15,50
316,115,1.0,1,6.2810049088959765,4.847258858458591,20,0.0,113.8471177944862,0.9410959292500412,4,0.0,115.0,0.9767821303448692,0.0,1,15,30
317,115,1.0,1,5.967735311758151,4.929136680927156,20,0.0,113.8471177944862,0.9424660420061876,3,0.0,115.0,0.9895880395353788,0.0,1,3,69
318,115,1.0,1,8.46027447876737,5.37113500540997,20,0.0,113.8471177944862,0.9398883860558872,4,0.0,115.0,0.9632458189037816,0.0,1,25,35
319,115,1.0,1,6.790372596986964,4.364401735388556,20,0.0,113.8471177944862,0.944554138386124,3,0.0,115.0,0.9717205188320288,0.0,1,39,17
32,115,1.0,1,7.063797033198764,5.3113202645580095,20,0.0,113.8471177944862,0.941586036994228,3,0.0,115.0,0.9902522939666344,0.0,1,35,47
320,115,1.0,1,7.653302977552075,5.906427588062025,20,0.0,113.8471177944862,0.9365294929854918,3,0.0,115.0,0.9874207728811092,0.0,1,6,61
321,115,1.0,1,7.740443714097626,4.792748169427444,20,0.0,113.8471177944862,0.9427167201999204,3,0.0,115.0,0.9547070876976028,0.0,1,47,33
322,115,1.0,1,6.491609173103488,4.501698827581326,20,0.0,113.8471177944862,0.9412038140338423,5,0.0,115.0,0.9512595698264772,0.0,1,63,71
323,115,1.0,1,6.17297806700966,5.290908385680877,20,0.0,113.8471177944862,0.937770077143783,5,0.0,115.0,0.9573951404901122,0.0,1,10,60
324,115,1.0,1,6.604160083651737,4.977948376686561,20,0.0,113.8471177944862,0.9409103511533278,3,0.0,115.0,0.9898478189871112,0.0,1,35,47
325,115,1.0,1,6.76475,3.025233038544304,20,0.0,113.8471177944862,0.9462130462470764,0,0.0,0.0,0.0,0.0,0,-1,1
326,115,1.0,1,5.648166575377222,4.8450183073879645,20,0.0,113.8471177944862,0.9401742899414314,4,0.0,115.0,0.9885271064500986,0.0,1,61,7
327,115,1.0,1,6.590234915724982,5.600303737715737,20,0.0,113.8471177944862,0.9373897638379476,3,0.0,115.0,0.9458868427528514,0.0,1,23,29
328,115,1.0,1,6.38725,3.188549033259486,20,0.0,113.8471177944862,0.9465021977771348,0,0.0,0.0,0.0,0.0,0,-1,65
329,115,1.0,1,7.795985457639445,5.819725361200375,20,0.0,113.8471177944862,0.937635510561905,5,0.0,115.0,0.9913595669020204,0.0,1,16,19
33,115,1.0,1,7.118860132648636,5.686333232856011,20,0.0,113.8471177944862,0.93406881362183,3,0.0,115.0,0.9403055965302308,0.0,1,1,46
330,115,1.0,1,6.055350677823246,4.249966563827405,20,0.0,113.8471177944862,0.9400130043918332,5,0.0,115.0,0.954072599994565,0.0,1,12,20
331,115,1.0,1,6.338820848721848,4.256972948825172,20,0.0,113.8471177944862,0.945813869384983,5,0.0,115.0,0.9805634998106518,0.0,1,18,31
332,115,1.0,1,8.923335218016268,5.464819326990832,20,0.0,113.8471177944862,0.9344979705257448,3,0.0,115.0,0.9869237930178648,0.0,1,42,27
333,115,1.0,1,6.71045758163419,4.792983574015176,20,0.0,113.8471177944862,0.9415456113707352,5,0.0,115.0,0.9717620988115458,0.0,1,65,37
334,115,1.0,1,6.290324439959965,5.820121798117412,20,0.0,113.8471177944862,0.9374570428253416,5,0.0,115.0,0.9553237418985328,0.0,1,52,8
335,115,1.0,1,6.9025363627985055,4.78754719401802,20,0.0,113.8471177944862,0.9437748396981332,5,0.0,115.0,0.9787926470125706,0.0,1,68,42
336,115,1.0,1,6.440654324679671,4.518267141556651,20,0.0,113.8471177944862,0.9434356446627596,4,0.0,115.0,0.9669553151281814,0.0,1,13,36
337,115,1.0,1,4.987186502641265,5.770321301866746,20,0.0,113.8471177944862,0.9297065324437936,5,0.0,115.0,0.9545395294254716,0.0,1,57,43
338,115,1.0,1,6.502899350289604,5.157282324935975,20,0.0,113.8471177944862,0.9407967594337412,4,0.0,115.0,0.9898991404217125,0.0,1,69,7
339,115,1.0,1,4.755174709145022,5.106275939235544,20,0.0,113.8471177944862,0.9368311312603386,3,0.0,115.0,0.9622638368581996,0.0,1,75,5
34,115,1.0,1,5.946926985051126,4.95200153478167,20,0.0,113.8471177944862,0.940963080168164,4,0.0,115.0,0.9764990533912714,0.0,1,15,30
340,115,1.0,1,7.804333333333333,3.4498595945664547,20,0.0,113.8471177944862,0.947439954900996,0,0.0,0.0,0.0,0.0,0,-1,26
341,115,1.0,1,6.438353617851285,5.29280438156961,20,0.0,113.8471177944862,0.9405161452489992,4,0.0,115.0,0.9889366845012436,0.0,1,69,7
342,115,1.0,1,6.012822611117612,4.717458622521447,20,0.0,113.8471177944862,0.9418055311995934,3,0.0,115.0,0.988129452575359,0.0,1,21,69
343,115,1.0,1,6.042608256433226,5.161665298854292,20,0.0,113.8471177944862,0.941268855348431,3,0.0,115.0,0.9433636101475256,0.0,1,4,12
344,115,1.0,1,8.2925,2.83733303473526,20,0.0,113.8471177944862,0.9462637011546204,0,0.0,0.0,0.0,0.0,0,-1,1
345,115,1.0,1,5.70916990309227,4.559922966694987,20,0.0,113.8471177944862,0.9376873208235889,5,0.0,115.0,0.946756666225038,0.0,1,12,59
346,115,1.0,1,6.13375,3.2242430797785704,20,0.0,113.8471177944862,0.9448365048574174,0,0.0,0.0,0.0,0.0,0,-1,39
347,115,1.0,1,5.791320403405305,4.535654794750607,20,0.0,113.8471177944862,0.9418472897540942,3,0.0,115.0,0.955980451221696,0.0,1,7,33
348,115,1.0,1,6.98,3.1163448140409624,20,0.0,113.8471177944862,0.9464035653898072,0,0.0,0.0,0.0,0.0,0,-1,1
349,115,1.0,1,6.02106338481525,4.868793809628498,20,0.0,113.8471177944862,0.9424761915179865,3,0.0,115.0,0.989569129445062,0.0,1,3,69
35,115,1.0,1,6.010680347112703,5.079450793899917,20,0.0,113.8471177944862,0.9406069937392408,4,0.0,115.0,0.9540757579020016,0.0,1,59,53
350,115,1.0,1,5.831612657447471,4.95825030819133,20,0.0,113.8471177944862,0.9420733396312077,5,0.0,115.0,0.9727248839264192,0.0,1,11,37
351,115,1.0,1,6.640226387510358,4.998262389087168,20,0.0,113.8471177944862,0.9431841133016772,5,0.0,115.0,0.9907960231500544,0.0,1,72,6
352,115,1.0,1,8.0308733516821,5.149608210636289,20,0.0,113.8471177944862,0.9373191536941742,4,0.0,115.0,0.954822294926303,0.0,1,25,18
353,115,1.0,1,7.012737718356344,5.967958558355394,20,0.0,113.8471177944862,0.9394783132121431,5,0.0,115.0,0.9909977891552506,0.0,1,16,63
354,115,1.0,1,6.357772893267719,4.765292660628108,20,0.0,113.8471177944862,0.9409224147085662,3,0.0,115.0,0.9691595440201332,0.0,1,17,28
355,115,1.0,1,6.819497891039701,4.868322003179042,20,0.0,113.8471177944862,0.9425730226422092,5,0.0,115.0,0.9549493237922452,0.0,1,63,3
356,115,1.0,1,6.351355754802449,4.251737482819986,20,0.0,113.8471177944862,0.945476822005035,4,0.0,115.0,0.9906618140984992,0.0,1,40,24
357,115,1.0,1,6.800200355916855,5.534543992188763,20,0.0,113.8471177944862,0.9369321718852908,3,0.0,115.0,0.9411434191061444,0.0,1,20,64
358,115,1.0,1,5.77513698530018,5.27628573307464,20,0.0,113.8471177944862,0.9392028971846508,3,0.0,115.0,0.9684875892984992,0.0,1,30,77
359,115,1.0,1,6.451506839835142,4.429158550210279,20,0.0,113.8471177944862,0.9423557836369696,5,0.0,115.0,0.9509278310739344,0.0,1,18,3
36,115,1.0,1,7.24675,3.2762718045821537,20,0.0,113.8471177944862,0.9460600862260324,0,0.0,0.0,0.0,0.0,0,-1,1
360,115,1.0,1,6.9595,3.0641102161421454,20,0.0,113.8471177944862,0.9492371268265524,0,0.0,0.0,0.0,0.0,0,-1,16
361,115,1.0,1,6.924249999999999,2.790272287340431,20,0.0,113.8471177944862,0.9472793804658834,0,0.0,0.0,0.0,0.0,0,-1,65
362,115,1.0,1,7.401999999999999,2.689631201484694,20,0.0,113.8471177944862,0.9486846154239252,0,0.0,0.0,0.0,0.0,0,-1,16
363,115,1.0,1,7.868666666666666,2.972352304526202,20,0.0,113.8471177944862,0.9458624670388788,0,0.0,0.0,0.0,0.0,0,-1,1
364,115,1.0,1,7.263878007466296,6.022961124455861,20,0.0,113.8471177944862,0.9298473068710266,5,0.0,115.0,0.9342381246416548,0.0,1,33,13
365,0,0.0,0,0.0,0.0,0,0.0,0.0,0.0,4,0.0,0.0,0.0,0.0,1,76,2
366,115,1.0,1,7.560833333333333,2.97588770602805,20,0.0,113.8471177944862,0.9474852676672448,0,0.0,0.0,0.0,0.0,0,-1,26
367,115,1.0,1,6.511541645029938,4.2944791339208965,20,0.0,113.8471177944862,0.945186756767979,4,0.0,115.0,0.970860227037709,0.0,1,56,49
368,115,1.0,1,6.206818309815565,4.282211328722091,20,0.0,113.8471177944862,0.9416571891001116,5,0.0,115.0,0.9809151117992244,0.0,1,46,42
369,115,1.0,1,6.285169683950907,5.311230941282676,20,0.0,113.8471177944862,0.9357393658630716,5,0.0,115.0,0.9564724987552689,0.0,1,10,70
37,115,1.0,1,6.022615770699493,5.1508518283430496,20,0.0,113.8471177944862,0.93733856402128,5,0.0,115.0,0.9429907484782996,0.0,1,73,59
370,115,1.0,1,6.954750000000001,3.2425499128772097,20,0.0,113.8471177944862,0.9449508407005536,0,0.0,0.0,0.0,0.0,0,-1,39
371,115,1.0,1,6.274525378454587,4.582924726378514,20,0.0,113.8471177944862,0.9427903414841432,5,0.0,115.0,0.9892689494065092,0.0,1,26,6
372,115,1.0,1,5.925389625444158,4.551977532692169,20,0.0,113.8471177944862,0.9426146687759,5,0.0,115.0,0.9902693769591688,0.0,1,14,6
373,115,1.0,1,6.8966718678830095,4.986862353215789,20,0.0,113.8471177944862,0.94145969318108,4,0.0,115.0,0.9742493157444349,0.0,1,9,30
374,115,1.0,1,6.603564327316788,5.522508776189808,20,0.0,113.8471177944862,0.9352391769217728,3,0.0,115.0,0.9639064437780224,0.0,1,20,51
375,115,1.0,1,6.4881666666666655,3.300791567521679,20,0.0,113.8471177944862,0.9460225670404484,0,0.0,0.0,0.0,0.0,0,-1,1
376,115,1.0,1,6.513487553078217,4.944670251451111,20,0.0,113.8471177944862,0.9412346438138796,3,0.0,115.0,0.9689923478322148,0.0,1,17,28
377,115,1.0,1,6.578632610491936,5.565675861014998,20,0.0,113.8471177944862,0.9378527540055552,4,0.0,115.0,0.9862847260284316,0.0,1,70,45
378,115,1.0,1,6.277737993463357,4.933416252271949,20,0.0,113.8471177944862,0.9443225849356276,3,0.0,115.0,0.972935976826691,0.0,1,48,17
379,115,1.0,1,4.707473319561664,5.049688567021869,20,0.0,113.8471177944862,0.9372270210580776,5,0.0,115.0,0.9505094816416982,0.0,1,41,8
38,115,1.0,1,5.977300288824004,4.681969490609213,20,0.0,113.8471177944862,0.9410297597882444,5,0.0,115.0,0.971704831724998,0.0,1,11,37
380,115,1.0,1,7.031499999999999,2.8940098047518776,20,0.0,113.8471177944862,0.9476168433457072,0,0.0,0.0,0.0,0.0,0,-1,26
381,115,1.0,1,6.778255919669979,6.245778618276137,20,0.0,113.8471177944862,0.9375631218314168,5,0.0,115.0,0.9910686211479324,0.0,1,16,19
382,115,1.0,1,6.765499999999999,3.26974001260039,20,0.0,113.8471177944862,0.9461049299705528,0,0.0,0.0,0.0,0.0,0,-1,1
383,115,1.0,1,6.123567643503237,4.78897544755343,20,0.0,113.8471177944862,0.9435136605106133,4,0.0,115.0,0.9560840199473812,0.0,1,59,38
384,115,1.0,1,5.869865798801025,4.245643786225667,20,0.0,113.8471177944862,0.9424769552899556,5,0.0,115.0,0.9810830689467396,0.0,1,46,42
385,115,1.0,1,7.024500000000001,3.105408413826862,20,0.0,113.8471177944862,0.948031561709612,0,0.0,0.0,0.0,0.0,0,-1,26
386,115,1.0,1,7.7708574147259855,4.297595854705779,20,0.0,113.8471177944862,0.9422983103310312,3,0.0,115.0,0.9921711018585536,0.0,1,22,69
387,115,1.0,1,6.37529076265866,4.510516686498594,20,0.0,113.8471177944862,0.942391707535225,4,0.0,115.0,0.966588340260086,0.0,1,13,73
388,115,1.0,1,7.47075,2.966023758755145,20,0.0,113.8471177944862,0.9467851133052416,0,0.0,0.0,0.0,0.0,0,-1,65
389,115,1.0,1,5.012620397976997,4.900583271751052,20,0.0,113.8471177944862,0.9404984625592866,4,0.0,115.0,0.9892962705258228,0.0,1,36,7
39,115,1.0,1,7.461664283505183,5.468164138579456,20,0.0,113.8471177944862,0.9391758517776873,5,0.0,115.0,0.9615107819637736,0.0,1,74,21
390,115,1.0,1,6.804153687483065,4.717722902974026,20,0.0,113.8471177944862,0.944674446672202,5,0.0,115.0,0.979210474279738,0.0,1,68,31
391,115,1.0,1,6.838855423473008,4.901747098597708,20,0.0,113.8471177944862,0.9405450529618512,3,0.0,115.0,0.951618400720582,0.0,1,47,74
392,115,1.0,1,6.64369787457181,4.923256278800726,20,0.0,113.8471177944862,0.9436464139097658,4,0.0,115.0,0.9686990991361366,0.0,1,28,36
393,115,1.0,1,7.618710272180345,5.154754497046928,20,0.0,113.8471177944862,0.9382263779511592,5,0.0,115.0,0.9602006651602878,0.0,1,53,60
394,115,1.0,1,7.64915038353614,5.574463315962263,20,0.0,113.8471177944862,0.9339448475756748,3,0.0,115.0,0.942790654044488,0.0,1,71,46
395,115,1.0,1,7.461749999999999,2.927677311026609,20,0.0,113.8471177944862,0.948443279025082,0,0.0,0.0,0.0,0.0,0,-1,26
396,115,1.0,1,6.165949155868281,5.051842623404515,20,0.0,113.8471177944862,0.9406483680126084,3,0.0,115.0,0.9501873330875216,0.0,1,30,74
397,115,1.0,1,7.375499999999999,3.0941888678618183,20,0.0,113.8471177944862,0.9469480313053762,0,0.0,0.0,0.0,0.0,0,-1,65
398,115,1.0,1,6.96,2.9456018060830966,20,0.0,113.8471177944862,0.9496494050822608,0,0.0,0.0,0.0,0.0,0,-1,16
399,115,1.0,1,7.74633860921805,4.668259487011593,20,0.0,113.8471177944862,0.9449920139355704,4,0.0,115.0,0.9755804663668254,0.0,1,5,72
4,115,1.0,1,6.518994867587007,4.831294734249884,20,0.0,113.8471177944862,0.9412465719751958,5,0.0,115.0,0.9711296530299158,0.0,1,65,37
40,115,1.0,1,5.312396463747421,4.842376536454939,20,0.0,113.8471177944862,0.9429953105144452,3,0.0,115.0,0.9907780544289524,0.0,1,44,9
400,115,1.0,1,6.728,2.796845127400992,20,0.0,113.8471177944862,0.9470574052548189,0,0.0,0.0,0.0,0.0,0,-1,65
41,115,1.0,1,7.699250000000001,3.1351948803064857,20,0.0,113.8471177944862,0.9470203787277076,0,0.0,0.0,0.0,0.0,0,-1,65
42,115,1.0,1,6.209397434750058,4.159687661807539,20,0.0,113.8471177944862,0.945546215191348,5,0.0,115.0,0.9905802353987962,0.0,1,27,25
43,115,1.0,1,6.392921151242389,4.205820437918241,20,0.0,113.8471177944862,0.9448565394415772,5,0.0,115.0,0.956392977571478,0.0,1,46,58
44,115,1.0,1,8.21425,2.933427080651571,20,0.0,113.8471177944862,0.9448869461988854,0,0.0,0.0,0.0,0.0,0,-1,39
45,115,1.0,1,8.0155,3.1047849764516706,20,0.0,113.8471177944862,0.947703188957566,0,0.0,0.0,0.0,0.0,0,-1,26
46,115,1.0,1,7.0537642269479655,4.841793851416432,20,0.0,113.8471177944862,0.941652910780118,4,0.0,115.0,0.9587383724052208,0.0,1,28,4
47,115,1.0,1,6.156887952372857,5.9342078451521045,20,0.0,113.8471177944862,0.93447663463834,5,0.0,115.0,0.9484638840486356,0.0,1,52,40
48,115,1.0,1,7.182166666666666,3.2303003429333863,20,0.0,113.8471177944862,0.9461929473751036,0,0.0,0.0,0.0,0.0,0,-1,1
49,115,1.0,1,7.218999999999999,3.0565888939578816,20,0.0,113.8471177944862,0.94761162918858,0,0.0,0.0,0.0,0.0,0,-1,26
5,115,1.0,1,8.17,3.0384831742170304,20,0.0,113.8471177944862,0.947120675265336,0,0.0,0.0,0.0,0.0,0,-1,65
50,115,1.0,1,7.92125,3.0609330174801275,20,0.0,113.8471177944862,0.9466532332609776,0,0.0,0.0,0.0,0.0,0,-1,65
51,115,1.0,1,8.406128291984674,5.254996162381277,20,0.0,113.8471177944862,0.932676226902673,3,0.0,115.0,0.9877163097342774,0.0,1,42,66
52,115,1.0,1,4.799845215668857,4.691821630157833,20,0.0,113.8471177944862,0.939846253602693,5,0.0,115.0,0.948775296087118,0.0,1,50,20
53,115,1.0,1,6.912999999999999,3.270395643751176,20,0.0,113.8471177944862,0.947331793631328,0,0.0,0.0,0.0,0.0,0,-1,65
54,115,1.0,1,7.022686828325804,5.477239391920817,20,0.0,113.8471177944862,0.9375072099585956,3,0.0,115.0,0.9582787102543686,0.0,1,51,5
55,115,1.0,1,5.243432634362447,5.2170447960153705,20,0.0,113.8471177944862,0.9374508010003212,5,0.0,115.0,0.9601491955020371,0.0,1,41,60
56,115,1.0,1,6.638483354242983,5.765591242022166,20,0.0,113.8471177944862,0.935410969891611,3,0.0,115.0,0.9549332915657668,0.0,1,51,54
57,115,1.0,1,7.631727607633187,4.77597155611732,20,0.0,113.8471177944862,0.9399390149814112,3,0.0,115.0,0.9879219348165535,0.0,1,2,78
58,115,1.0,1,7.565607996292113,4.90378582318542,20,0.0,113.8471177944862,0.9416354904995846,4,0.0,115.0,0.947578384496926,0.0,1,43,68
59,115,1.0,1,7.870333333333334,2.821137457756278,20,0.0,113.8471177944862,0.9498327580811224,0,0.0,0.0,0.0,0.0,0,-1,16
6,115,1.0,1,6.33810644778784,4.900012609306285,20,0.0,113.8471177944862,0.9418356221395526,4,0.0,115.0,0.9559519980928334,0.0,1,19,4
60,115,1.0,1,8.214445747952224,4.880068684234609,20,0.0,113.8471177944862,0.9411486920022548,4,0.0,115.0,0.953145315594694,0.0,1,5,53
61,115,1.0,1,6.819166666666667,2.984379495342746,20,0.0,113.8471177944862,0.9500937933720836,0,0.0,0.0,0.0,0.0,0,-1,16
62,115,1.0,1,6.664000000000001,3.228461553124026,20,0.0,113.8471177944862,0.9466274424051516,0,0.0,0.0,0.0,0.0,0,-1,65
63,115,1.0,1,4.454631601313117,4.956314037879436,20,0.0,113.8471177944862,0.9382280198052266,3,0.0,115.0,0.9588732050429624,0.0,1,75,5
64,115,1.0,1,4.852715067122916,4.984913107020264,20,0.0,113.8471177944862,0.9377487896041724,5,0.0,115.0,0.9596265041915668,0.0,1,41,60
65,115,1.0,1,6.227589517291046,4.433001445069318,20,0.0,113.8471177944862,0.945323342587468,5,0.0,115.0,0.9805005949721504,0.0,1,18,31
66,115,1.0,1,7.904101529980466,5.3362390777917925,20,0.0,113.8471177944862,0.9329983923966528,3,0.0,115.0,0.9879728660532384,0.0,1,42,66
67,115,1.0,1,7.433270312724221,5.231375516441123,20,0.0,113.8471177944862,0.9391536508801496,5,0.0,115.0,0.9541779921282526,0.0,1,53,20
68,115,1.0,1,6.595767907860467,4.570371899048798,20,0.0,113.8471177944862,0.9424186775223375,5,0.0,115.0,0.9484382119689384,0.0,1,68,3
69,115,1.0,1,6.676015916484298,4.665996504139639,20,0.0,113.8471177944862,0.9427399326707514,5,0.0,115.0,0.9531861193864516,0.0,1,64,3
7,115,1.0,1,7.7701666666666656,2.962944195484545,20,0.0,113.8471177944862,0.9463925202852408,0,0.0,0.0,0.0,0.0,0,-1,1
70,115,1.0,1,7.047000000000001,3.372381354473423,20,0.0,113.8471177944862,0.9456522720951168,0,0.0,0.0,0.0,0.0,0,-1,1
71,115,1.0,1,6.123042305889329,4.592446131530062,20,0.0,113.8471177944862,0.9451153529120916,4,0.0,115.0,0.965993152702434,0.0,1,59,75
72,115,1.0,1,7.223249999999999,2.8365149281292354,20,0.0,113.8471177944862,0.9466838796604572,0,0.0,0.0,0.0,0.0,0,-1,65
73,115,1.0,1,6.638809297376677,4.580986044695475,20,0.0,113.8471177944862,0.9394190889857896,5,0.0,115.0,0.9528016787255068,0.0,1,63,20
74,0,0.0,0,0.0,0.0,0,0.0,0.0,0.0,4,0.0,0.0,0.0,0.0,1,76,2
75,115,1.0,1,6.834136430104831,5.740739301724348,20,0.0,113.8471177944862,0.9353391269349652,5,0.0,115.0,0.9511195555470668,0.0,1,52,40
76,115,1.0,1,5.1354222606886895,4.7904864873437365,20,0.0,113.8471177944862,0.9419112423894004,3,0.0,115.0,0.9893906594143,0.0,1,21,69
77,115,1.0,1,5.5585,3.296577429698869,20,0.0,113.8471177944862,0.9453217953111408,0,0.0,0.0,0.0,0.0,0,-1,1
78,115,1.0,1,7.096732231711705,5.568725329606418,20,0.0,113.8471177944862,0.9362792274281548,3,0.0,115.0,0.986656188058324,0.0,1,6,61
79,115,1.0,1,6.071676738983925,4.802623882672452,20,0.0,113.8471177944862,0.9420373049286784,5,0.0,115.0,0.971940579791294,0.0,1,65,37
8,115,1.0,1,5.920003832243164,4.389231280336929,20,0.0,113.8471177944862,0.9451794450776368,4,0.0,115.0,0.9902605988267532,0.0,1,40,24
80,115,1.0,1,7.398887863649786,4.455126020519399,20,0.0,113.8471177944862,0.9407684241581876,4,0.0,115.0,0.9605135552780972,0.0,1,37,35
81,115,1.0,1,7.423000000000001,2.96439892727008,20,0.0,113.8471177944862,0.9472851466329416,0,0.0,0.0,0.0,0.0,0,-1,65
82,115,1.0,1,7.291931784227127,4.9691290322273725,20,0.0,113.8471177944862,0.9405643947375484,4,0.0,115.0,0.9536814603523726,0.0,1,62,53
83,115,1.0,1,7.692544895702446,5.194948411475011,20,0.0,113.8471177944862,0.9412119055651464,3,0.0,115.0,0.9446966695374052,0.0,1,8,12
84,115,1.0,1,7.468209129725399,6.241913843416715,20,0.0,113.8471177944862,0.9381938455471844,5,0.0,115.0,0.9910945937908304,0.0,1,16,19
85,115,1.0,1,5.204887693422498,4.980152993825049,20,0.0,113.8471177944862,0.9400932891973532,4,0.0,115.0,0.9877928026682666,0.0,1,61,7
86,115,1.0,1,7.117666666666667,2.912768080175435,20,0.0,113.8471177944862,0.949101571504844,0,0.0,0.0,0.0,0.0,0,-1,16
87,115,1.0,1,6.601743158762138,4.544218067703759,20,0.0,113.8471177944862,0.9421194919594168,4,0.0,115.0,0.9629622594752588,0.0,1,29,73
88,115,1.0,1,6.777810931249705,4.201896639506585,20,0.0,113.8471177944862,0.9455730746022591,5,0.0,115.0,0.9900862685518164,0.0,1,27,25
89,115,1.0,1,6.447650489807435,4.465638658730428,20,0.0,113.8471177944862,0.9412688442677078,5,0.0,115.0,0.9556604462892816,0.0,1,63,76
9,115,1.0,1,6.848445971380336,4.5582887429659165,20,0.0,113.8471177944862,0.9429826164061368,5,0.0,115.0,0.9891291817198088,0.0,1,26,6
90,115,1.0,1,6.401547348711855,4.600397111700114,20,0.0,113.8471177944862,0.9440189662048304,3,0.0,115.0,0.991285118220887,0.0,1,44,9
91,115,1.0,1,6.794249999999999,3.179263977322424,20,0.0,113.8471177944862,0.949360264606236,0,0.0,0.0,0.0,0.0,0,-1,16
92,115,1.0,1,6.404907498827703,4.656201075423124,20,0.0,113.8471177944862,0.9413776129099054,5,0.0,115.0,0.962096785032476,0.0,1,65,55
93,115,1.0,1,6.685090016076875,5.733268400325287,20,0.0,113.8471177944862,0.9345409561397172,3,0.0,115.0,0.9625283521497804,0.0,1,20,51
94,115,1.0,1,7.445779785235366,5.733997389820959,20,0.0,113.8471177944862,0.9392050153572395,5,0.0,115.0,0.9640227561701372,0.0,1,33,21
95,115,1.0,1,5.826587425065046,4.300261854054644,20,0.0,113.8471177944862,0.9415981206686608,5,0.0,115.0,0.9803345479326632,0.0,1,46,42
96,115,1.0,1,7.725431727749292,5.237206838665084,20,0.0,113.8471177944862,0.941565535207782,3,0.0,115.0,0.9898880021619398,0.0,1,55,47
97,115,1.0,1,7.4573333333333345,3.038506687320087,20,0.0,113.8471177944862,0.9478064737608944,0,0.0,0.0,0.0,0.0,0,-1,26
98,115,1.0,1,6.139736553481596,4.644323661664573,20,0.0,113.8471177944862,0.9408296531488962,5,0.0,115.0,0.953438762534048,0.0,1,64,76
99,115,1.0,1,6.73975,3.188118165548448,20,0.0,113.8471177944862,0.9471709727526532,0,0.0,0.0,0.0,0.0,0,-1,65
